{
  "splits": [
    {
      "split_name": "hardened_kaggle_test",
      "input_csv": "data\\hardened-predictions_kaggle_test_set.csv",
      "num_rows": 7730,
      "accuracy": 0.9989650711513584,
      "precision": 0.9992989835261129,
      "recall": 0.9978998949947497,
      "f1_score": 0.998598949211909,
      "auc_roc": 0.9995525838266056,
      "attack_success_rate": 0.0021001050052502626,
      "detection_rate": 0.9978998949947497,
      "tn": 4871,
      "fp": 2,
      "fn": 6,
      "tp": 2851
    }
  ]
}