split_name,num_rows,accuracy,precision,recall,f1_score,auc_roc,attack_success_rate,detection_rate,tn,fp,fn,tp
hardened_kaggle_test,7730,0.9989650711513584,0.9992989835261129,0.9978998949947497,0.998598949211909,0.9995525838266056,0.0021001050052502626,0.9978998949947497,4871,2,6,2851
